ID,Images,Name,Price,Description,Category,Atributive
03,https://res.cloudinary.com/djbrvklfq/image/upload/v1673027706/FashionShop-Dacn2/products/ÁOPHONGĐENSWEETTEEBlack-973417011ec1cb6d6dbbc4f496dc8547.jpg,"ÁO PHONG ĐEN SWEET TEE #Black",1600000,"<p>Lấp la lấp lánh đồ đó, Cemmery cho ra mắt sản phẩm “Sweet Tee”&nbsp;</p><p>nhân dịp Valentine cùng với năng lượng yêu một cách tích cực, yêu là cho đi vô điều kiện.<br><br>Chất liệu: Cotton&nbsp;co giãn 2 chiều<br>Kỹ thuật in: In kim tuyến<br>Màu: Black/White<br>Trọng lượng: 240 GSM</p><figure class=""image""><img src=""https://file.hstatic.net/200000259629/file/tee_2f1f391a3e0946a29d50e19e16484f54_grande.jpg""></figure><p><br>Hướng dẫn sử dụng :<br>Nhớ lộn áo trái khi giặt và không giặt ngâm<br>Không giặt máy trong 10 ngày đầu<br>Không sử dụng nước tẩy<br>Khi phơi lộn trái áo và không phơi trực tiếp dưới ánh nắng mặt trời<br><br>Chính sách đổi trả :<br>Sản phẩm được đổi trả 1 lần trong vòng 3 ngày kể từ khi nhận được hàng (chỉ đổi size, không đổi mẫu và màu khác)<br>Miễn phí đổi hàng cho khách trong trường hợp bị lỗi từ nhà sản xuất, giao nhầm trong vòng 30 ngày.<br><br><br>*Lưu ý: Sản phẩm đổi trả còn mới nguyên tem, tags và hoá đơn mua hàng, sản phẩm không hư hỏng bởi những tác nhân bên ngoài sau khi mua hàng.</p>",01,"Trung Quốc"
-NIi3hICOARrxJrkQ2_4,https://res.cloudinary.com/djbrvklfq/image/upload/v1673027706/FashionShop-Dacn2/products/ÁOPOLOĐEN-XÁMEVENPOLOBlack-Grey-43c500b9427ac015f82a5569506f057a.jpg,"ÁO POLO ĐEN - XÁM EVEN POLO #Black-Grey",1600000,"<p>Chất liệu: Vải CVC mềm mại, ít nhăn, co giãn tốt, thoải mái, thấm hút mồ hôi</p><p>Công nghệ: Thêu tỉ mỉ,&nbsp;khó bong tróc.</p><figure class=""image""><img src=""https://file.hstatic.net/200000259629/file/polo_size_chart_2x-100_6e5d25ece75f4e77a9f4fc9f9c831cb9_grande.jpg""></figure><p><br>Hướng dẫn sử dụng :<br>Nhớ lộn áo trái khi giặt và không giặt ngâm<br>Không giặt máy trong 10 ngày đầu<br>Không sử dụng nước tẩy<br>Khi phơi lộn trái áo và không phơi trực tiếp dưới ánh nắng mặt trời<br><br>Chính sách đổi trả :<br>Sản phẩm được đổi trả 1 lần trong vòng 3 ngày kể từ khi nhận được hàng (chỉ đổi size, không đổi mẫu và màu khác)<br>Miễn phí đổi hàng cho khách trong trường hợp bị lỗi từ nhà sản xuất, giao nhầm trong vòng 30 ngày.</p><p><br>&nbsp;</p>",01,"Việt Nam"
-NLaXb-_HI_oWya_iFpH,https://res.cloudinary.com/djbrvklfq/image/upload/v1673027706/FashionShop-Dacn2/products/ÁOPHONGTRẮNGPOWERTEEWhite-45cd0fa1acddf44f9fd2e9290c4b6655.jpg,"ÁO PHONG TRẮNG POWER TEE #White",2000000,"<p>Chất liệu: Cotton co giãn 2 chiều, thoát mát<br>Kỹ thuật in: In cao su&nbsp;<br>Trọng lượng: 240 GSM</p><figure class=""image""><img src=""https://file.hstatic.net/200000259629/file/tee_2f1f391a3e0946a29d50e19e16484f54_grande.jpg""></figure><p><br>Hướng dẫn sử dụng :<br>Nhớ lộn áo trái khi giặt và không giặt ngâm<br>Không giặt máy trong 10 ngày đầu<br>Không sử dụng nước tẩy<br>Khi phơi lộn trái áo và không phơi trực tiếp dưới ánh nắng mặt trời<br><br>Chính sách đổi trả :<br>Sản phẩm được đổi trả 1 lần trong vòng 3 ngày kể từ khi nhận được hàng (chỉ đổi size, không đổi mẫu và màu khác)<br>Miễn phí đổi hàng cho khách trong trường hợp bị lỗi từ nhà sản xuất, giao nhầm trong vòng 30 ngày.<br><br><br>*Lưu ý: Sản phẩm đổi trả còn mới nguyên tem, tags và hoá đơn mua hàng, sản phẩm không hư hỏng bởi những tác nhân bên ngoài sau khi mua hàng.</p>",01,"Việt Nam"
-NLaXpNDtsdlnStgIlKF,https://res.cloudinary.com/djbrvklfq/image/upload/v1673027706/FashionShop-Dacn2/products/POWERTEEBlack-6ca89f8078a5bfe924f90b8cdcc25e93.jpg,"POWER TEE #Black",2000000,"<p>Chất liệu: Cotton co giãn 2 chiều, thoát mát<br>Kỹ thuật in: In cao su&nbsp;<br>Trọng lượng: 240 GSM</p><figure class=""image""><img src=""https://file.hstatic.net/200000259629/file/tee_2f1f391a3e0946a29d50e19e16484f54_grande.jpg""></figure><p><br>Hướng dẫn sử dụng :<br>Nhớ lộn áo trái khi giặt và không giặt ngâm<br>Không giặt máy trong 10 ngày đầu<br>Không sử dụng nước tẩy<br>Khi phơi lộn trái áo và không phơi trực tiếp dưới ánh nắng mặt trời<br><br>Chính sách đổi trả :<br>Sản phẩm được đổi trả 1 lần trong vòng 3 ngày kể từ khi nhận được hàng (chỉ đổi size, không đổi mẫu và màu khác)<br>Miễn phí đổi hàng cho khách trong trường hợp bị lỗi từ nhà sản xuất, giao nhầm trong vòng 30 ngày.<br><br><br>*Lưu ý: Sản phẩm đổi trả còn mới nguyên tem, tags và hoá đơn mua hàng, sản phẩm không hư hỏng bởi những tác nhân bên ngoài sau khi mua hàng.</p>",01,USA
-NLaY1AmJD8monbMrwFv,https://res.cloudinary.com/djbrvklfq/image/upload/v1673027706/FashionShop-Dacn2/products/ÁOPOLOMÀUKEMSTRAPPOLOCream-32d858b5df78ee90b5609ca4bbe53a88.jpg,"ÁO POLO MÀU KEM STRAP POLO #Cream",1600000,"<p>Chất liệu: Vải CVC mềm mại, ít nhăn, co giãn tốt, thoải mái, thấm hút mồ hôi<br>Công nghệ: In kéo lụa&nbsp;kết hợp&nbsp;thêu tỉ mỉ,&nbsp;khó bong tróc.</p><figure class=""image""><img src=""https://file.hstatic.net/200000259629/file/polo_size_chart_2x-100_6e5d25ece75f4e77a9f4fc9f9c831cb9_grande.jpg""></figure><p><br>Hướng dẫn sử dụng :<br>Nhớ lộn áo trái khi giặt và không giặt ngâm<br>Không giặt máy trong 10 ngày đầu<br>Không sử dụng nước tẩy<br>Khi phơi lộn trái áo và không phơi trực tiếp dưới ánh nắng mặt trời<br><br>Chính sách đổi trả :<br>Sản phẩm được đổi trả 1 lần trong vòng 3 ngày kể từ khi nhận được hàng (chỉ đổi size, không đổi mẫu và màu khác)<br>Miễn phí đổi hàng cho khách trong trường hợp bị lỗi từ nhà sản xuất, giao nhầm trong vòng 30 ngày.</p>",01,"Việt Nam"
-NLaYKU1eeyFsiNDft7k,https://res.cloudinary.com/djbrvklfq/image/upload/v1673027706/FashionShop-Dacn2/products/ÁOPOLOSTRAPMÀUXÁM-STRAPPOLOGrey-ff15ac6a1d93c5e470b43d2483f05071.jpg,"ÁO POLO STRAP MÀU XÁM - STRAP POLO #Grey",1600000,"<p>Chất liệu: Vải CVC mềm mại, ít nhăn, co giãn tốt, thoải mái, thấm hút mồ hôi<br>Công nghệ: In kéo lụa&nbsp;kết hợp&nbsp;thêu tỉ mỉ,&nbsp;khó bong tróc.</p><figure class=""image""><img src=""https://file.hstatic.net/200000259629/file/polo_size_chart_2x-100_6e5d25ece75f4e77a9f4fc9f9c831cb9_grande.jpg""></figure><p><br>Hướng dẫn sử dụng :<br>Nhớ lộn áo trái khi giặt và không giặt ngâm<br>Không giặt máy trong 10 ngày đầu<br>Không sử dụng nước tẩy<br>Khi phơi lộn trái áo và không phơi trực tiếp dưới ánh nắng mặt trời<br><br>Chính sách đổi trả :<br>Sản phẩm được đổi trả 1 lần trong vòng 3 ngày kể từ khi nhận được hàng (chỉ đổi size, không đổi mẫu và màu khác)<br>Miễn phí đổi hàng cho khách trong trường hợp bị lỗi từ nhà sản xuất, giao nhầm trong vòng 30 ngày.</p>",01,"Việt Nam"
-NXZ4erU-i88LgFvg7DG,https://res.cloudinary.com/djbrvklfq/image/upload/v1673027706/FashionShop-Dacn2/products/ÁOWINGBABYPOLOBegie-4f758bc318a202d264cd04a15766c20e.jpg,"ÁO WING BABY POLO #Begie",2600000,"<p>Chất liệu: Vải CVC mềm mại, ít nhăn, co giãn tốt, thoải mái, thấm hút mồ hôi<br>Công nghệ: Thêu tỉ mỉ,&nbsp;line cầu vai kết hợp raglan phần thân thon thả, khóa kéo dễ dàng</p><figure class=""image""><img src=""https://file.hstatic.net/200000259629/file/size_chart_bb_polo_0d18a45082c640ed824b7af4541a06a0_grande.jpg""></figure><p><br>Hướng dẫn sử dụng :<br>Nhớ lộn áo trái khi giặt và không giặt ngâm<br>Không giặt máy trong 10 ngày đầu<br>Không sử dụng nước tẩy<br>Khi phơi lộn trái áo và không phơi trực tiếp dưới ánh nắng mặt trời<br><br>Chính sách đổi trả :<br>Sản phẩm được đổi trả 1 lần trong vòng 3 ngày kể từ khi nhận được hàng (chỉ đổi size, không đổi mẫu và màu khác)<br>Miễn phí đổi hàng cho khách trong trường hợp bị lỗi từ nhà sản xuất, giao nhầm trong vòng 30 ngày.</p>",01,"Trung Quốc"
-NXZ7oWRUS8XiIcySfXQ,https://res.cloudinary.com/djbrvklfq/image/upload/v1673027706/FashionShop-Dacn2/products/ÁOWINGBABYPOLOWhite-9c313d76953a66eedbbf8de322200033.jpg,"ÁO WING BABY POLO #White",2600000,"<p>Chất liệu: Vải CVC mềm mại, ít nhăn, co giãn tốt, thoải mái, thấm hút mồ hôi<br>Công nghệ: Thêu tỉ mỉ,&nbsp;line cầu vai kết hợp raglan phần thân thon thả, khóa kéo dễ dàng</p><figure class=""image""><img src=""https://file.hstatic.net/200000259629/file/size_chart_bb_polo_0d18a45082c640ed824b7af4541a06a0_grande.jpg""></figure><p><br>Hướng dẫn sử dụng :<br>Nhớ lộn áo trái khi giặt và không giặt ngâm<br>Không giặt máy trong 10 ngày đầu<br>Không sử dụng nước tẩy<br>Khi phơi lộn trái áo và không phơi trực tiếp dưới ánh nắng mặt trời<br><br>Chính sách đổi trả :<br>Sản phẩm được đổi trả 1 lần trong vòng 3 ngày kể từ khi nhận được hàng (chỉ đổi size, không đổi mẫu và màu khác)<br>Miễn phí đổi hàng cho khách trong trường hợp bị lỗi từ nhà sản xuất, giao nhầm trong vòng 30 ngày.</p>",01,"Trung Quốc"
-NXZ8H8kiQ2UxMOhotBH,https://res.cloudinary.com/djbrvklfq/image/upload/v1673027706/FashionShop-Dacn2/products/ÁOWINGBABYPOLOGrey-5596067383e130ef01b2d4db3332f6d4.jpg,"ÁO WING BABY POLO #Grey",2600000,"<p>Chất liệu: Vải CVC mềm mại, ít nhăn, co giãn tốt, thoải mái, thấm hút mồ hôi<br>Công nghệ: Thêu tỉ mỉ,&nbsp;line cầu vai kết hợp raglan phần thân thon thả, khóa kéo dễ dàng</p><figure class=""image""><img src=""https://file.hstatic.net/200000259629/file/size_chart_bb_polo_0d18a45082c640ed824b7af4541a06a0_grande.jpg""></figure><p><br>Hướng dẫn sử dụng :<br>Nhớ lộn áo trái khi giặt và không giặt ngâm<br>Không giặt máy trong 10 ngày đầu<br>Không sử dụng nước tẩy<br>Khi phơi lộn trái áo và không phơi trực tiếp dưới ánh nắng mặt trời<br><br>Chính sách đổi trả :<br>Sản phẩm được đổi trả 1 lần trong vòng 3 ngày kể từ khi nhận được hàng (chỉ đổi size, không đổi mẫu và màu khác)<br>Miễn phí đổi hàng cho khách trong trường hợp bị lỗi từ nhà sản xuất, giao nhầm trong vòng 30 ngày.</p>",01,"Trung Quốc"
-NXZ8ZF1BHjz3YH-oLou,https://res.cloudinary.com/djbrvklfq/image/upload/v1673027706/FashionShop-Dacn2/products/ÁOEVENPOLONavy-270feb04133080c3d9dad73e88cee734.jpg,"ÁO EVEN POLO #Navy",2600000,"<p>Chất liệu: Vải CVC mềm mại, ít nhăn, co giãn tốt, thoải mái, thấm hút mồ hôi<br>Công nghệ: Thêu tỉ mỉ,&nbsp;line cầu vai kết hợp raglan phần thân thon thả, khóa kéo dễ dàng</p><figure class=""image""><img src=""https://file.hstatic.net/200000259629/file/size_chart_bb_polo_0d18a45082c640ed824b7af4541a06a0_grande.jpg""></figure><p><br>Hướng dẫn sử dụng :<br>Nhớ lộn áo trái khi giặt và không giặt ngâm<br>Không giặt máy trong 10 ngày đầu<br>Không sử dụng nước tẩy<br>Khi phơi lộn trái áo và không phơi trực tiếp dưới ánh nắng mặt trời<br><br>Chính sách đổi trả :<br>Sản phẩm được đổi trả 1 lần trong vòng 3 ngày kể từ khi nhận được hàng (chỉ đổi size, không đổi mẫu và màu khác)<br>Miễn phí đổi hàng cho khách trong trường hợp bị lỗi từ nhà sản xuất, giao nhầm trong vòng 30 ngày.</p>",01,"Việt Nam"
-NXZ8yxDT4P3mMkAZFVS,https://res.cloudinary.com/djbrvklfq/image/upload/v1673027706/FashionShop-Dacn2/products/ÁOPOWERTEEBlack-370fd53c457fc9348b5adf6a561407aa.jpg,"ÁO POWER TEE #Black",2000000,"<p>Chất liệu: Cotton co giãn 2 chiều, thoát mát<br>Kỹ thuật in: In cao su&nbsp;<br>Trọng lượng: 240 GSM</p><figure class=""image""><img src=""https://file.hstatic.net/200000259629/file/tee_2f1f391a3e0946a29d50e19e16484f54_grande.jpg""></figure><p><br>Hướng dẫn sử dụng :<br>Nhớ lộn áo trái khi giặt và không giặt ngâm<br>Không giặt máy trong 10 ngày đầu<br>Không sử dụng nước tẩy<br>Khi phơi lộn trái áo và không phơi trực tiếp dưới ánh nắng mặt trời<br><br>Chính sách đổi trả :<br>Sản phẩm được đổi trả 1 lần trong vòng 3 ngày kể từ khi nhận được hàng (chỉ đổi size, không đổi mẫu và màu khác)<br>Miễn phí đổi hàng cho khách trong trường hợp bị lỗi từ nhà sản xuất, giao nhầm trong vòng 30 ngày.<br><br><br>*Lưu ý: Sản phẩm đổi trả còn mới nguyên tem, tags và hoá đơn mua hàng, sản phẩm không hư hỏng bởi những tác nhân bên ngoài sau khi mua hàng.</p>",01,"Việt Nam"
-NXZ9MbcNUHDclXkf-RM,https://res.cloudinary.com/djbrvklfq/image/upload/v1673027706/FashionShop-Dacn2/products/ÁOPOWERTEENavy-4a81a05f361b8c0624a8a2c4b38a267c.jpg,"ÁO POWER TEE #Navy",2000000,"<p>Chất liệu: Cotton co giãn 2 chiều, thoát mát<br>Kỹ thuật in: In cao su&nbsp;<br>Trọng lượng: 240 GSM</p><figure class=""image""><img src=""https://file.hstatic.net/200000259629/file/tee_2f1f391a3e0946a29d50e19e16484f54_grande.jpg""></figure><p><br>Hướng dẫn sử dụng :<br>Nhớ lộn áo trái khi giặt và không giặt ngâm<br>Không giặt máy trong 10 ngày đầu<br>Không sử dụng nước tẩy<br>Khi phơi lộn trái áo và không phơi trực tiếp dưới ánh nắng mặt trời<br><br>Chính sách đổi trả :<br>Sản phẩm được đổi trả 1 lần trong vòng 3 ngày kể từ khi nhận được hàng (chỉ đổi size, không đổi mẫu và màu khác)<br>Miễn phí đổi hàng cho khách trong trường hợp bị lỗi từ nhà sản xuất, giao nhầm trong vòng 30 ngày.<br><br><br>*Lưu ý: Sản phẩm đổi trả còn mới nguyên tem, tags và hoá đơn mua hàng, sản phẩm không hư hỏng bởi những tác nhân bên ngoài sau khi mua hàng.</p>",01,"Việt Nam"
-NXZDI4heSgIzFFpripW,https://res.cloudinary.com/djbrvklfq/image/upload/v1673027706/FashionShop-Dacn2/products/ÁOPOLOXÁMEVENPOLOGrey-0bbfb5a0917877acd209a69414f44ae2.jpg,"ÁO POLO XÁM EVEN POLO #Grey",1600000,"<p>Chất liệu: Vải CVC mềm mại, ít nhăn, co giãn tốt, thoải mái, thấm hút mồ hôi</p><p>Công nghệ: Thêu tỉ mỉ,&nbsp;khó bong tróc.</p><figure class=""image""><img src=""https://file.hstatic.net/200000259629/file/polo_size_chart_2x-100_6e5d25ece75f4e77a9f4fc9f9c831cb9_grande.jpg""></figure><p><br>Hướng dẫn sử dụng :<br>Nhớ lộn áo trái khi giặt và không giặt ngâm<br>Không giặt máy trong 10 ngày đầu<br>Không sử dụng nước tẩy<br>Khi phơi lộn trái áo và không phơi trực tiếp dưới ánh nắng mặt trời<br><br>Chính sách đổi trả :<br>Sản phẩm được đổi trả 1 lần trong vòng 3 ngày kể từ khi nhận được hàng (chỉ đổi size, không đổi mẫu và màu khác)<br>Miễn phí đổi hàng cho khách trong trường hợp bị lỗi từ nhà sản xuất, giao nhầm trong vòng 30 ngày.</p><p><br>&nbsp;</p>",01,"Việt Nam"
-NXZDuVowKEWZlhdGDJ2,https://res.cloudinary.com/djbrvklfq/image/upload/v1673027706/FashionShop-Dacn2/products/ÁOPOLOTRẮNGEVENPOLOWhite-a66fb861958f35e8761610d6f6c1bf8f.jpg,"ÁO POLO TRẮNG EVEN POLO #White",1600000,"<p>Chất liệu: Vải CVC mềm mại, ít nhăn, co giãn tốt, thoải mái, thấm hút mồ hôi</p><p>Công nghệ: Thêu tỉ mỉ,&nbsp;khó bong tróc.</p><figure class=""image""><img src=""https://file.hstatic.net/200000259629/file/polo_size_chart_2x-100_6e5d25ece75f4e77a9f4fc9f9c831cb9_grande.jpg""></figure><p><br>Hướng dẫn sử dụng :<br>Nhớ lộn áo trái khi giặt và không giặt ngâm<br>Không giặt máy trong 10 ngày đầu<br>Không sử dụng nước tẩy<br>Khi phơi lộn trái áo và không phơi trực tiếp dưới ánh nắng mặt trời<br><br>Chính sách đổi trả :<br>Sản phẩm được đổi trả 1 lần trong vòng 3 ngày kể từ khi nhận được hàng (chỉ đổi size, không đổi mẫu và màu khác)<br>Miễn phí đổi hàng cho khách trong trường hợp bị lỗi từ nhà sản xuất, giao nhầm trong vòng 30 ngày.</p><p><br>&nbsp;</p>",01,"Việt Nam"
-NXZGVgnlBV3lzAmrnYg,https://res.cloudinary.com/djbrvklfq/image/upload/v1673027706/FashionShop-Dacn2/products/ÁOPHONGTRẮNGSWEETTEEWhite-f6460f47e61a4ca1960522b86a2c894e.jpg,"ÁO PHONG TRẮNG SWEET TEE #White",1600000,"<p>Lấp la lấp lánh đồ đó, Cemmery cho ra mắt sản phẩm “Sweet Tee”&nbsp;</p><p>nhân dịp Valentine cùng với năng lượng yêu một cách tích cực, yêu là cho đi vô điều kiện.<br><br>Chất liệu: Cotton&nbsp;co giãn 2 chiều<br>Kỹ thuật in: In kim tuyến<br>Màu: Black/White<br>Trọng lượng: 240 GSM</p><figure class=""image""><img src=""https://file.hstatic.net/200000259629/file/tee_2f1f391a3e0946a29d50e19e16484f54_grande.jpg""></figure><p><br>Hướng dẫn sử dụng :<br>Nhớ lộn áo trái khi giặt và không giặt ngâm<br>Không giặt máy trong 10 ngày đầu<br>Không sử dụng nước tẩy<br>Khi phơi lộn trái áo và không phơi trực tiếp dưới ánh nắng mặt trời<br><br>Chính sách đổi trả :<br>Sản phẩm được đổi trả 1 lần trong vòng 3 ngày kể từ khi nhận được hàng (chỉ đổi size, không đổi mẫu và màu khác)<br>Miễn phí đổi hàng cho khách trong trường hợp bị lỗi từ nhà sản xuất, giao nhầm trong vòng 30 ngày.<br><br><br>*Lưu ý: Sản phẩm đổi trả còn mới nguyên tem, tags và hoá đơn mua hàng, sản phẩm không hư hỏng bởi những tác nhân bên ngoài sau khi mua hàng.</p>",01,USA
-NXZH9tMiMKHUSHt6UjW,https://res.cloudinary.com/djbrvklfq/image/upload/v1673027706/FashionShop-Dacn2/products/ÁOJACKETXÁM-WHISKJACKETGrey-214484881ec2037fa3e07bd12ed004b6.jpg,"ÁO JACKET XÁM - WHISK JACKET #Grey",4500000,"<p><strong>Bảng size Cemmery :</strong></p><p>M : Dài 71&nbsp;Rộng 53&nbsp;| 1m55 - 1m60, 45kg - 55kg</p><p>L : Dài 74&nbsp;Rộng 55&nbsp;| 1m60 - 1m75, 55kg - 65kg</p><p>Chất liệu : Dù 2 lớp cao cấp, thấm hút mồ hôi cực tốt, kháng nước nhẹ</p><p>Cộng nghệ : In cao cấp, khóa kéo mượt mà, dễ sử dụng, bảo quản tốt khi giặt máy, không bong tróc phai màu</p><p>&nbsp;</p><p><strong>Hướng dẫn sử dụng :</strong></p><p>Nhớ lộn áo trái khi giặt và không giặt ngâm</p><p>Không giặt máy trong 10 ngày đầu</p><p>Không sử dụng nước tẩy</p><p>Khi phơi lộn trái áo và không phơi trực tiếp dưới ánh nắng mặt trời</p><p>&nbsp;</p><p><strong>Chính sách đổi trả :</strong></p><p>Sản phẩm được đổi trả 1 lần trong vòng 3 ngày kể từ khi nhận được hàng (chỉ đổi size, không đổi mẫu và màu khác)</p><p>Miễn phí đổi hàng cho khách trong trường hợp bị lỗi từ nhà sản xuất, giao nhầm trong vòng 30 ngày.</p><p>&nbsp;</p><p>*Lưu ý : Sản phẩm đổi trả còn mới nguyên tem, tags và hoá đơn mua hàng, sản phẩm không hư hỏng bởi những tác nhân bên ngoài sau khi mua hàng.</p>",01,USA
-NXZHd2KgSWbt6WEUDya,https://res.cloudinary.com/djbrvklfq/image/upload/v1673027706/FashionShop-Dacn2/products/ÁOJACKETĐEN-WHISKJACKETBlack-2a0091bda442b3b573b4cf784c46b5f7.jpg,"ÁO JACKET ĐEN - WHISK JACKET #Black",4500000,,01,USA
-NXZIA2zzxgQKqS6lgje,https://res.cloudinary.com/djbrvklfq/image/upload/v1673027706/FashionShop-Dacn2/products/ÁOSWEATERMÀUXANH-WINTRYSWEATERGreen-8042962918e3dbb8527d944af449023e.jpg,"ÁO SWEATER MÀU XANH - WINTRY SWEATER #Green",3500000,"<p><strong>Bảng size Cemmery :</strong></p><p>M : Dài 68&nbsp;Rộng 56&nbsp;| 1m55 - 1m60, 45kg - 55kg</p><p>L : Dài 70&nbsp;Rộng 58&nbsp;| 1m60 - 1m75, 55kg - 65kg</p><p>XL : Dài 72 Rộng 60&nbsp;| trên 1m75, trên 70kg</p><p>Chất liệu: Nỉ da cá dày dặn, co giãn thoáng mát</p><p>Cộng nghệ : Thêu tỉ mỉ, bảo quản tốt khi giặt máy, không bong tróc phai màu</p><p>&nbsp;</p><p><strong>Hướng dẫn sử dụng :</strong></p><p>Nhớ lộn áo trái khi giặt và không giặt ngâm</p><p>Không giặt máy trong 10 ngày đầu</p><p>Không sử dụng nước tẩy</p><p>Khi phơi lộn trái áo và không phơi trực tiếp dưới ánh nắng mặt trời</p><p>&nbsp;</p><p><strong>Chính sách đổi trả :</strong></p><p>Sản phẩm được đổi trả 1 lần trong vòng 3 ngày kể từ khi nhận được hàng (chỉ đổi size, không đổi mẫu và màu khác)</p><p>Miễn phí đổi hàng cho khách trong trường hợp bị lỗi từ nhà sản xuất, giao nhầm trong vòng 30 ngày.</p><p>&nbsp;</p><p><strong>*Lưu ý</strong> : Sản phẩm đổi trả còn mới nguyên tem, tags và hoá đơn mua hàng, sản phẩm không hư hỏng bởi những tác nhân bên ngoài sau khi mua hàng.</p>",01,USA
-NXZISxF3X0jtxHhU7Q8,https://res.cloudinary.com/djbrvklfq/image/upload/v1673027706/FashionShop-Dacn2/products/ÁOSWEATERMÀUĐEN-WINTRYSWEATERBlack-bf09ec5e6f415a1770aaf09976a8eb32.jpg,"ÁO SWEATER MÀU ĐEN - WINTRY SWEATER #Black",3500000,"<p><strong>Bảng size Cemmery :</strong></p><p>M : Dài 68&nbsp;Rộng 56&nbsp;| 1m55 - 1m60, 45kg - 55kg</p><p>L : Dài 70&nbsp;Rộng 58&nbsp;| 1m60 - 1m75, 55kg - 65kg</p><p>XL : Dài 72 Rộng 60&nbsp;| trên 1m75, trên 70kg</p><p>Chất liệu: Nỉ da cá dày dặn, co giãn thoáng mát</p><p>Cộng nghệ : Thêu tỉ mỉ, bảo quản tốt khi giặt máy, không bong tróc phai màu</p><p>&nbsp;</p><p><strong>Hướng dẫn sử dụng :</strong></p><p>Nhớ lộn áo trái khi giặt và không giặt ngâm</p><p>Không giặt máy trong 10 ngày đầu</p><p>Không sử dụng nước tẩy</p><p>Khi phơi lộn trái áo và không phơi trực tiếp dưới ánh nắng mặt trời</p><p>&nbsp;</p><p><strong>Chính sách đổi trả :</strong></p><p>Sản phẩm được đổi trả 1 lần trong vòng 3 ngày kể từ khi nhận được hàng (chỉ đổi size, không đổi mẫu và màu khác)</p><p>Miễn phí đổi hàng cho khách trong trường hợp bị lỗi từ nhà sản xuất, giao nhầm trong vòng 30 ngày.</p><p>&nbsp;</p><p><strong>*Lưu ý : </strong>Sản phẩm đổi trả còn mới nguyên tem, tags và hoá đơn mua hàng, sản phẩm không hư hỏng bởi những tác nhân bên ngoài sau khi mua hàng.</p>",01,USA
04,https://res.cloudinary.com/djbrvklfq/image/upload/v1673027706/musical-dacn1/products/8YOSIMPLESHORT-GREY-92ad62da91a0932f8a1188bbba277647.jpg,"QUẦN NGẮN MÀU XÁM - 8YO SIMPLE SHORT - GREY",10120000,"<p><strong>Thông tin sản phẩm</strong><br>MATERIAL: 100% COTTON - Nỉ bông dày dặn<br><br>Size M : Chiều Cao Dưới 1m65 , Cân Nặng Dưới 60 kg<br>Size L : Chiều Cao từ 1m65 - 1m72, Cân Nặng 60kg - 80 kg<br>Size XL : Chiều Cao Trên 1m72 , Câng Nặng Trên&nbsp;80 kg</p><figure class=""image""><img src=""https://file.hstatic.net/200000258387/file/._form_ao_duoc_fit_size_theo_form_va_tieu_chuan_tuong_doi_cua_nguoi_vi_e497e375664f4dca852c57873b2358f1_grande.png""></figure>",02,"Việt Nam"
05,https://res.cloudinary.com/djbrvklfq/image/upload/v1673027706/musical-dacn1/products/8YOSIMPLESHORT-CREAM-14e5984bc3a0a48d3f89f78a6847b038.jpg,"QUẦN NGẮN MÀU KEM - 8YO SIMPLE SHORT - CREAM",10120000,"<p>Thông tin sản phẩm<br>MATERIAL: 100% COTTON - Nỉ bông dày dặn<br><br>Size M : Chiều Cao Dưới 1m65 , Cân Nặng Dưới 60 kg<br>Size L : Chiều Cao từ 1m65 - 1m72, Cân Nặng 60kg - 80 kg<br>Size XL : Chiều Cao Trên 1m72 , Câng Nặng Trên&nbsp;80 kg</p><figure class=""image""><img src=""https://file.hstatic.net/200000258387/file/._form_ao_duoc_fit_size_theo_form_va_tieu_chuan_tuong_doi_cua_nguoi_vi_e497e375664f4dca852c57873b2358f1_grande.png""></figure>",02,"Việt Nam"
06,https://res.cloudinary.com/djbrvklfq/image/upload/v1673027706/FashionShop-Dacn2/products/QUẦNNGẮNMÀUĐEN-VITALSHORTBlack-dc042ee3751985258568c6e5e1f63762.jpg,"QUẦN NGẮN MÀU ĐEN - VITAL SHORT #Black",10120000,"<p><strong>Bảng size:</strong></p><p>M : Dài 56&nbsp;Rộng 69&nbsp;| 1m55 - 1m60, 45kg - 55kg</p><p>L : Dài 58&nbsp;Rộng 70&nbsp;| 1m60 - 1m75, 55kg - 60kg</p><p>XL : Dài 60&nbsp;Rộng 72 | trên 1m75, trên 70kg&nbsp;</p><p>Chất liệu : Nỉ&nbsp;mềm mại, không nhăn, thấm hút mồ hôi, dày dặn co giãn tốt</p><p>Cộng nghệ : Thêu tỉ mỉ, sắc nét,&nbsp;bảo quản tốt khi giặt máy, không bong tróc phai màu</p><p>&nbsp;</p><p><strong>Hướng dẫn sử dụng :</strong></p><p>Nhớ lộn áo trái khi giặt và không giặt ngâm</p><p>Không giặt máy trong 10 ngày đầu</p><p>Không sử dụng nước tẩy</p><p>Khi phơi lộn trái áo và không phơi trực tiếp dưới ánh nắng mặt trời</p><p>&nbsp;</p><p><strong>Chính sách đổi trả :</strong></p><p>Sản phẩm được đổi trả 1 lần trong vòng 3 ngày kể từ khi nhận được hàng (chỉ đổi size, không đổi mẫu và màu khác)</p><p>Miễn phí đổi hàng cho khách trong trường hợp bị lỗi từ nhà sản xuất, giao nhầm trong vòng 30 ngày.</p>",02,"Việt Nam"
-NLaW219QasI_uFAV0U9,https://res.cloudinary.com/djbrvklfq/image/upload/v1673027706/FashionShop-Dacn2/products/QUẦNNGẮNMÀUNÂU-2651e5fe61dc4ea6162eaf0193dd3664.jpg,"QUẦN NGẮN MÀU NÂU - VITAL SHORT #Brown",10120000,"<p><strong>Bảng size:</strong></p><p>M : Dài 56&nbsp;Rộng 69&nbsp;| 1m55 - 1m60, 45kg - 55kg</p><p>L : Dài 58&nbsp;Rộng 70&nbsp;| 1m60 - 1m75, 55kg - 60kg</p><p>XL : Dài 60&nbsp;Rộng 72 | trên 1m75, trên 70kg&nbsp;</p><p>Chất liệu : Nỉ&nbsp;mềm mại, không nhăn, thấm hút mồ hôi, dày dặn co giãn tốt</p><p>Cộng nghệ : Thêu tỉ mỉ, sắc nét,&nbsp;bảo quản tốt khi giặt máy, không bong tróc phai màu</p><p>&nbsp;</p><p><strong>Hướng dẫn sử dụng :</strong></p><p>Nhớ lộn áo trái khi giặt và không giặt ngâm</p><p>Không giặt máy trong 10 ngày đầu</p><p>Không sử dụng nước tẩy</p><p>Khi phơi lộn trái áo và không phơi trực tiếp dưới ánh nắng mặt trời</p><p>&nbsp;</p><p><strong>Chính sách đổi trả :</strong></p><p>Sản phẩm được đổi trả 1 lần trong vòng 3 ngày kể từ khi nhận được hàng (chỉ đổi size, không đổi mẫu và màu khác)</p><p>Miễn phí đổi hàng cho khách trong trường hợp bị lỗi từ nhà sản xuất, giao nhầm trong vòng 30 ngày.</p>",02,"Việt Nam"
-NLaWX7JqEjJ1r4a9naA,https://res.cloudinary.com/djbrvklfq/image/upload/v1673027706/FashionShop-Dacn2/products/QUẦNNGẮNMÀUXANH-VITALSHORTGreen-9f81d7a1c88e8541648297daf3674e44.jpg,"QUẦN NGẮN MÀU XANH - VITAL SHORT #Green",10120000,"<p><strong>Bảng size:</strong></p><p>M : Dài 56&nbsp;Rộng 69&nbsp;| 1m55 - 1m60, 45kg - 55kg</p><p>L : Dài 58&nbsp;Rộng 70&nbsp;| 1m60 - 1m75, 55kg - 60kg</p><p>XL : Dài 60&nbsp;Rộng 72 | trên 1m75, trên 70kg&nbsp;</p><p>Chất liệu : Nỉ&nbsp;mềm mại, không nhăn, thấm hút mồ hôi, dày dặn co giãn tốt</p><p>Cộng nghệ : Thêu tỉ mỉ, sắc nét,&nbsp;bảo quản tốt khi giặt máy, không bong tróc phai màu</p><p>&nbsp;</p><p><strong>Hướng dẫn sử dụng :</strong></p><p>Nhớ lộn áo trái khi giặt và không giặt ngâm</p><p>Không giặt máy trong 10 ngày đầu</p><p>Không sử dụng nước tẩy</p><p>Khi phơi lộn trái áo và không phơi trực tiếp dưới ánh nắng mặt trời</p><p>&nbsp;</p><p><strong>Chính sách đổi trả :</strong></p><p>Sản phẩm được đổi trả 1 lần trong vòng 3 ngày kể từ khi nhận được hàng (chỉ đổi size, không đổi mẫu và màu khác)</p><p>Miễn phí đổi hàng cho khách trong trường hợp bị lỗi từ nhà sản xuất, giao nhầm trong vòng 30 ngày.</p>",02,"Việt Nam"
-NLaX9hILBHuqL4GFWWF,https://res.cloudinary.com/djbrvklfq/image/upload/v1673027706/FashionShop-Dacn2/products/QUẦNJEANBAGGY-BUSTEDCOLOSSUSBAGGYJEANS-Relaxedfitjeans-762aaa9ce31c3bbe41220eb8742b9ca2.jpg,"QUẦN JEAN BAGGY - BUSTED COLOSSUS BAGGY JEANS",7200000,"<p>&nbsp;Thông tin sản phẩm<br>MATERIAL: 100% JEAN - Dày dặn<br><br>Size M : Chiều Cao Dưới 1m65 , Cân Nặng Dưới 60 kg<br>Size L : Chiều Cao từ 1m65 - 1m72, Cân Nặng 60kg - 80 kg<br>Size XL : Chiều Cao Trên 1m72 , Câng Nặng Trên&nbsp;80 kg</p>",02,"Trung Quốc"
-NXZN2PJgNSEvY140xAs,https://res.cloudinary.com/djbrvklfq/image/upload/v1673027706/FashionShop-Dacn2/products/QUẦNNGẮNMÀUKEM-VITALSHORTBegie-388be6ebfe5b57c5850a1c16d97081aa.jpg,"QUẦN NGẮN MÀU KEM - VITAL SHORT #Begie",10120000,"<p><strong>Bảng size Cemmery :</strong></p><p>M : Dài 56&nbsp;Rộng 69&nbsp;| 1m55 - 1m60, 45kg - 55kg</p><p>L : Dài 58&nbsp;Rộng 70&nbsp;| 1m60 - 1m75, 55kg - 60kg</p><p>XL : Dài 60&nbsp;Rộng 72 | trên 1m75, trên 70kg&nbsp;</p><p>Chất liệu : Nỉ&nbsp;mềm mại, không nhăn, thấm hút mồ hôi, dày dặn co giãn tốt</p><p>Cộng nghệ : Thêu tỉ mỉ, sắc nét,&nbsp;bảo quản tốt khi giặt máy, không bong tróc phai màu</p><p>&nbsp;</p><p><strong>Hướng dẫn sử dụng :</strong></p><p>Nhớ lộn áo trái khi giặt và không giặt ngâm</p><p>Không giặt máy trong 10 ngày đầu</p><p>Không sử dụng nước tẩy</p><p>Khi phơi lộn trái áo và không phơi trực tiếp dưới ánh nắng mặt trời</p><p>&nbsp;</p><p><strong>Chính sách đổi trả :</strong></p><p>Sản phẩm được đổi trả 1 lần trong vòng 3 ngày kể từ khi nhận được hàng (chỉ đổi size, không đổi mẫu và màu khác)</p><p>Miễn phí đổi hàng cho khách trong trường hợp bị lỗi từ nhà sản xuất, giao nhầm trong vòng 30 ngày.</p><p>&nbsp;</p><p><strong>*Lưu ý </strong>: Sản phẩm đổi trả còn mới nguyên tem, tags và hoá đơn mua hàng, sản phẩm không hư hỏng bởi những tác nhân bên ngoài sau khi mua hàng.</p>",02,"Việt Nam"
-NXdDH8F-BCEinxlR77r,https://res.cloudinary.com/djbrvklfq/image/upload/v1673027706/FashionShop-Dacn2/products/QUẦNJEANBAGGYUNISEX-BUSTEDCOLOSSUSBAGGY-Relaxedfitjeans-5969f0adfa24d5e4beded68c420b5624.jpg,"QUẦN JEAN BAGGY UNISEX - BUSTED COLOSSUS BAGGY",7200000,"<p>&nbsp;Thông tin sản phẩm<br>MATERIAL: JEAN dày dặn<br><br>Size M : Chiều Cao Dưới 1m65 , Cân Nặng Dưới 60 kg<br>Size L : Chiều Cao từ 1m65 - 1m72, Cân Nặng 60kg - 80 kg<br>Size XL : Chiều Cao Trên 1m72 , Câng Nặng Trên&nbsp;80 kg</p>",02,"Việt Nam"
-NXdEXNK6ybXZyAoOz4U,https://res.cloudinary.com/djbrvklfq/image/upload/v1673027706/FashionShop-Dacn2/products/QUẦNJEANNAM6QBDT009XAH-ad8847381f91e40eae548da89e80f3c8.jpg,"QUẦN JEAN NAM 6QBDT009XAH",8400000,"<p><strong>Kiểu dáng:&nbsp;</strong>Slimfit ôm vừa, không bó sát</p><p><strong>Chất liệu: </strong>95% Cotton, 5% Spandex</p><p><strong>Thiết kế:</strong>&nbsp;Lịch lãm, sang trọng cho phái mạnh</p><p><strong>Ưu điểm:</strong>&nbsp;Mẫu mã đa dạng phù hợp trong nhiều hoàn cảnh<br><strong>Bảng size:</strong><br>Size M : Chiều Cao Dưới 1m65 , Cân Nặng Dưới 60 kg<br>Size L : Chiều Cao từ 1m65 - 1m72, Cân Nặng 60kg - 80 kg<br>Size XL : Chiều Cao Trên 1m72 , Câng Nặng Trên&nbsp;80 kg</p><p><strong>Đổi trả miễn phí</strong></p><ul><li>Trong 30 ngày bất cứ lỗi sản phẩm</li><li>Có bưu tá tới tận nơi để lấy hàng</li><li>Vui lòng liên hệ <a href=""tel:0944328989""><strong>Fashion Shop</strong></a> để được hỗ trợ đổi trả nhanh nhất</li></ul>",02,"Việt Nam"
-NXdF9l6sP4vyRZqBekL,https://res.cloudinary.com/djbrvklfq/image/upload/v1673027706/FashionShop-Dacn2/products/QUẦNJEANNAMBILUXURY5QBDT005XAH-683ec62036e15638d73ad05d3bdbac6b.jpg,"QUẦN JEAN NAM BILUXURY 5QBDT005XAH",8400000,"<p><strong>Kiểu dáng:&nbsp;</strong>Slimfit ôm vừa, không bó sát</p><p><strong>Chất liệu: </strong>95% Cotton, 5% Spandex</p><p><strong>Thiết kế:</strong>&nbsp;Lịch lãm, sang trọng cho phái mạnh</p><p><strong>Ưu điểm:</strong>&nbsp;Mẫu mã đa dạng phù hợp trong nhiều hoàn cảnh<br><strong>Bảng size:</strong><br>Size M : Chiều Cao Dưới 1m65 , Cân Nặng Dưới 60 kg<br>Size L : Chiều Cao từ 1m65 - 1m72, Cân Nặng 60kg - 80 kg<br>Size XL : Chiều Cao Trên 1m72 , Câng Nặng Trên&nbsp;80 kg</p><p><strong>Đổi trả miễn phí</strong></p><ul><li>Trong 30 ngày bất cứ lỗi sản phẩm</li><li>Có bưu tá tới tận nơi để lấy hàng</li><li>Vui lòng liên hệ <a href=""tel:0944328989""><strong>Fashion Shop</strong></a> để được hỗ trợ đổi trả nhanh nhất</li></ul>",02,"Việt Nam"
-NXdGYbk61soUZsJOg7C,https://res.cloudinary.com/djbrvklfq/image/upload/v1673027706/FashionShop-Dacn2/products/QUẦNJEANNAMSLIMFIT-f5bd07d4d8162c63b9f66590216ae076.jpg,"QUẦN JEAN NAM SLIM FIT",2800000,"<p><strong>Kiểu dáng:&nbsp;</strong>Slimfit ôm vừa, không bó sát</p><p><strong>Chất liệu: </strong>95% Cotton, 5% Spandex</p><p><strong>Thiết kế:</strong>&nbsp;Lịch lãm, sang trọng cho phái mạnh</p><p><strong>Ưu điểm:</strong>&nbsp;Mẫu mã đa dạng phù hợp trong nhiều hoàn cảnh<br><strong>Bảng size:</strong><br>Size M : Chiều Cao Dưới 1m65 , Cân Nặng Dưới 60 kg<br>Size L : Chiều Cao từ 1m65 - 1m72, Cân Nặng 60kg - 80 kg<br>Size XL : Chiều Cao Trên 1m72 , Câng Nặng Trên&nbsp;80 kg</p><p><strong>Đổi trả miễn phí</strong></p><ul><li>Trong 30 ngày bất cứ lỗi sản phẩm</li><li>Có bưu tá tới tận nơi để lấy hàng</li><li>Vui lòng liên hệ <a href=""tel:0944328989""><strong>Fashion Shop</strong></a> để được hỗ trợ đổi trả nhanh nhất</li></ul>",02,USA
-NXdHE_rn7a7D7UsSHpA,https://res.cloudinary.com/djbrvklfq/image/upload/v1673027706/FashionShop-Dacn2/products/QUẦNSMARTPANTSDÀIĐẾNMẮTCÁ-4c710f4c5aa1e125143fb6f1f9c5625a.jpg,"QUẦN SMART PANTS DÀI ĐẾN MẮT CÁ",4200000,"<p><strong>Kiểu dáng:&nbsp;</strong>Slimfit ôm vừa, không bó sát</p><p><strong>Chất liệu: </strong>95% Cotton, 5% Spandex</p><p><strong>Thiết kế:</strong>&nbsp;Lịch lãm, sang trọng cho phái mạnh</p><p><strong>Ưu điểm:</strong>&nbsp;Mẫu mã đa dạng phù hợp trong nhiều hoàn cảnh<br><strong>Bảng size:</strong><br>Size M : Chiều Cao Dưới 1m65 , Cân Nặng Dưới 60 kg<br>Size L : Chiều Cao từ 1m65 - 1m72, Cân Nặng 60kg - 80 kg<br>Size XL : Chiều Cao Trên 1m72 , Câng Nặng Trên&nbsp;80 kg</p><p><strong>Đổi trả miễn phí</strong></p><ul><li>Trong 30 ngày bất cứ lỗi sản phẩm</li><li>Có bưu tá tới tận nơi để lấy hàng</li><li>Vui lòng liên hệ <a href=""tel:0944328989""><strong>Fashion Shop</strong></a> để được hỗ trợ đổi trả nhanh nhất</li></ul>",02,"Việt Nam"
-NXdc7mtOEy_zRJo-Vbc,https://res.cloudinary.com/djbrvklfq/image/upload/v1673027706/FashionShop-Dacn2/products/QUẦNÂUCHỐNGNHĂNCOGIÃN7QAUB003DEN-de281d8d1bf4cff063a5b4429f8e4e24.jpg,"QUẦN ÂU CHỐNG NHĂN, CO GIÃN 7QAUB003DEN",5320000,"<p><strong>Chất liệu:</strong>&nbsp;70% Polyspun, 28% Rayon, 2% Spandex</p><p><strong>Kiểu dáng:</strong>&nbsp;Ống đứng tôn dáng người mặc</p><p><strong>Thiết kế:</strong> Lót cạp dày chắc chắn. Đảm bảo độ bền mặc lâu không bị mòn rách</p><p><strong>Ưu điểm:</strong>&nbsp;Tại phần mở rộng quần Biluxury có&nbsp;vải dư nhiều hơn các nhãn hàng khác,&nbsp;tối đa 2,5cm cả vòng mông, thoải mái điều chỉnh</p><p><br><strong>Bảng size:</strong><br>Size M : Chiều Cao Dưới 1m65 , Cân Nặng Dưới 60 kg<br>Size L : Chiều Cao từ 1m65 - 1m72, Cân Nặng 60kg - 80 kg<br>Size XL : Chiều Cao Trên 1m72 , Câng Nặng Trên&nbsp;80 kg</p><p><strong>Đổi trả miễn phí</strong></p><ul><li>Trong 30 ngày bất cứ lỗi sản phẩm</li><li>Có bưu tá tới tận nơi để lấy hàng</li><li>Vui lòng liên hệ <a href=""tel:0944328989""><strong>Fashion Shop</strong></a> để được hỗ trợ đổi trả nhanh nhất</li></ul>",02,"Việt Nam"
07,https://res.cloudinary.com/djbrvklfq/image/upload/v1673027706/FashionShop-Dacn2/products/ĐẦMLỤACỔYẾMPHỐIDÂYSAU-HỌATIẾTĐEN-6c06049af6c8afb35425d5535c19dd64.jpg,"ĐẦM LỤA CỔ YẾM PHỐI DÂY SAU - HỌA TIẾT ĐEN",3840000,"<p><strong>Giới thiệu:</strong></p><p>Đầm sơ mi Ivy Moda với kiểu dáng đơn giản nhưng không kém phần nổi bật nhờ chi tiết may tinh tế trên nền vải kẻ thu hút.&nbsp;Đầm sử dụng chất liệu vải lụa mềm mại, đi kèm theo là&nbsp;đai eo ôm lấy cơ thể giúp tôn lên vẻ đẹp&nbsp;tinh tế và quyến rũ. Đầm được may&nbsp;cổ vest cùng&nbsp;thân váy xòe nhẹ sẽ tạo nên vẻ đẹp dịu dàng và nữ tính cho người diện.&nbsp;</p><p>Thiết kế đầm phù hợp mặc nhiều dịp, từ đi làm đến những buổi dạo phố, hẹn hò,&nbsp;giúp tôn dáng&nbsp;mang và&nbsp;đến vẻ đẹp thanh lịch, nữ tính của người mặc.</p><p><strong>Chi tiết:</strong></p><figure class=""table""><table><tbody><tr><td>Dòng sản phẩm</td><td>Ladies</td></tr><tr><td>Nhóm sản phẩm</td><td>Đầm</td></tr><tr><td>Cổ áo</td><td>Cổ 2 ve</td></tr></tbody></table></figure><p><br><strong>Bảng size:</strong><br>Size M : Chiều Cao Dưới 1m55 , Cân Nặng Dưới 45 kg<br>Size L : Chiều Cao từ 1m55 - 1m65, Cân Nặng 45kg - 55 kg<br>Size XL : Chiều Cao Trên 1m65 , Câng Nặng Trên&nbsp;55 kg</p><p>&nbsp;</p><p><strong>Chi tiết bảo quản sản phẩm :</strong>&nbsp;</p><p>Các sản phẩm thuộc dòng cao cấp (Senora) và áo khoác (dạ, tweed,&nbsp;lông, phao) chỉ giặt khô,&nbsp;tuyệt đối không giặt ướt.</p><p>&nbsp;</p><p><strong>Đổi trả miễn phí</strong></p><ul><li>Trong 30 ngày bất cứ lỗi sản phẩm</li><li>Có bưu tá tới tận nơi để lấy hàng</li><li>Vui lòng liên hệ <a href=""tel:0944328989""><strong>Fashion Shop</strong></a> để được hỗ trợ đổi trả nhanh nhất</li></ul>",03,"Việt Nam"
08,https://res.cloudinary.com/djbrvklfq/image/upload/v1673027706/FashionShop-Dacn2/products/ĐẦMSƠMIPHỐIĐAI-HỌATIẾTĐEN-799f159e8bf41d973b13a92428896997.jpg,"ĐẦM SƠ MI PHỐI ĐAI - HỌA TIẾT ĐEN",3840000,"<p><strong>Giới thiệu:</strong></p><p>Đầm sơ mi Ivy Moda với kiểu dáng đơn giản nhưng không kém phần nổi bật nhờ chi tiết may tinh tế trên nền vải kẻ thu hút.&nbsp;Đầm sử dụng chất liệu vải lụa mềm mại, đi kèm theo là&nbsp;đai eo ôm lấy cơ thể giúp tôn lên vẻ đẹp&nbsp;tinh tế và quyến rũ. Đầm được may&nbsp;cổ vest cùng&nbsp;thân váy xòe nhẹ sẽ tạo nên vẻ đẹp dịu dàng và nữ tính cho người diện.&nbsp;</p><p>Thiết kế đầm phù hợp mặc nhiều dịp, từ đi làm đến những buổi dạo phố, hẹn hò,&nbsp;giúp tôn dáng&nbsp;mang và&nbsp;đến vẻ đẹp thanh lịch, nữ tính của người mặc.</p><p><strong>Chi tiết:</strong></p><figure class=""table""><table><tbody><tr><td>Dòng sản phẩm</td><td>Ladies</td></tr><tr><td>Nhóm sản phẩm</td><td>Đầm</td></tr><tr><td>Cổ áo</td><td>Cổ 2 ve</td></tr></tbody></table></figure><p><br><strong>Bảng size:</strong><br>Size M : Chiều Cao Dưới 1m55 , Cân Nặng Dưới 45 kg<br>Size L : Chiều Cao từ 1m55 - 1m65, Cân Nặng 45kg - 55 kg<br>Size XL : Chiều Cao Trên 1m65 , Câng Nặng Trên&nbsp;55 kg</p><p>&nbsp;</p><p><strong>Chi tiết bảo quản sản phẩm :</strong>&nbsp;</p><p>Các sản phẩm thuộc dòng cao cấp (Senora) và áo khoác (dạ, tweed,&nbsp;lông, phao) chỉ giặt khô,&nbsp;tuyệt đối không giặt ướt.</p><p>&nbsp;</p><p><strong>Đổi trả miễn phí</strong></p><ul><li>Trong 30 ngày bất cứ lỗi sản phẩm</li><li>Có bưu tá tới tận nơi để lấy hàng</li><li>Vui lòng liên hệ <a href=""tel:0944328989""><strong>Fashion Shop</strong></a> để được hỗ trợ đổi trả nhanh nhất</li></ul>",03,"Việt Nam"
09,https://res.cloudinary.com/djbrvklfq/image/upload/v1673027706/FashionShop-Dacn2/products/ĐẦMSƠMIPHÔIDAI-5f1aebbe9af5ad22aee9e78a8c10c5d4.jpg,"ĐẦM SƠ MI PHÔI DAI - HỌA TIẾT NÂU CÀ PHÊ",3840000,"<p><strong>Giới thiệu:</strong></p><p>Đầm sơ mi Ivy Moda với kiểu dáng đơn giản nhưng không kém phần nổi bật nhờ chi tiết may tinh tế trên nền vải kẻ thu hút.&nbsp;Đầm sử dụng chất liệu vải lụa mềm mại, đi kèm theo là&nbsp;đai eo ôm lấy cơ thể giúp tôn lên vẻ đẹp&nbsp;tinh tế và quyến rũ. Đầm được may&nbsp;cổ vest cùng&nbsp;thân váy xòe nhẹ sẽ tạo nên vẻ đẹp dịu dàng và nữ tính cho người diện.&nbsp;</p><p>Thiết kế đầm phù hợp mặc nhiều dịp, từ đi làm đến những buổi dạo phố, hẹn hò,&nbsp;giúp tôn dáng&nbsp;mang và&nbsp;đến vẻ đẹp thanh lịch, nữ tính của người mặc.</p><p><strong>Chi tiết:</strong></p><figure class=""table""><table><tbody><tr><td>Dòng sản phẩm</td><td>Ladies</td></tr><tr><td>Nhóm sản phẩm</td><td>Đầm</td></tr><tr><td>Cổ áo</td><td>Cổ 2 ve</td></tr></tbody></table></figure><p><br><strong>Bảng size:</strong><br>Size M : Chiều Cao Dưới 1m55 , Cân Nặng Dưới 45 kg<br>Size L : Chiều Cao từ 1m55 - 1m65, Cân Nặng 45kg - 55 kg<br>Size XL : Chiều Cao Trên 1m65 , Câng Nặng Trên&nbsp;55 kg</p><p>&nbsp;</p><p><strong>Chi tiết bảo quản sản phẩm :</strong>&nbsp;</p><p>Các sản phẩm thuộc dòng cao cấp (Senora) và áo khoác (dạ, tweed,&nbsp;lông, phao) chỉ giặt khô,&nbsp;tuyệt đối không giặt ướt.</p><p>&nbsp;</p><p><strong>Đổi trả miễn phí</strong></p><ul><li>Trong 30 ngày bất cứ lỗi sản phẩm</li><li>Có bưu tá tới tận nơi để lấy hàng</li><li>Vui lòng liên hệ <a href=""tel:0944328989""><strong>Fashion Shop</strong></a> để được hỗ trợ đổi trả nhanh nhất</li></ul>",03,"Việt Nam"
-NLat4xFtFgDuQhODIUn,https://res.cloudinary.com/djbrvklfq/image/upload/v1673027706/FashionShop-Dacn2/products/CHÂNVÁYMINIXẾPLY-MÀUXANHDƯƠNG-2947298ce886687af9ba270b5c22f3d9.jpg,"CHÂN VÁY MINI XẾP LY - MÀU XANH DƯƠNG",2880000,"<p><strong>Chất liệu:</strong></p><ul><li>Vải tweed cho cảm giác ấm cúng. Họa tiết caro giúp làm nổi bật trang phục của bạn.</li><li>Đường cắt loe tôn lên độ rũ đáng yêu của vải. Các nút bên tạo thêm điểm nhấn phong cách.</li></ul><p><br><strong>Bảng size:</strong><br>Size M : Chiều Cao Dưới 1m55 , Cân Nặng Dưới 45 kg<br>Size L : Chiều Cao từ 1m55 - 1m65, Cân Nặng 45kg - 55 kg<br>Size XL : Chiều Cao Trên 1m65 , Câng Nặng Trên&nbsp;55 kg</p><p><strong>Đổi trả miễn phí</strong></p><ul><li>Trong 30 ngày bất cứ lỗi sản phẩm</li><li>Có bưu tá tới tận nơi để lấy hàng</li><li>Vui lòng liên hệ <a href=""tel:0944328989""><strong>Fashion Shop</strong></a> để được hỗ trợ đổi trả nhanh nhất</li></ul>",03,"Việt Nam"
-NLatEBafWTOnncikkJW,https://res.cloudinary.com/djbrvklfq/image/upload/v1673027706/FashionShop-Dacn2/products/ĐẦMLỤACỔYẾMPHỐIDÂYSAU-HỌATIẾTNUDE-679dff39f69e0bf4d7050bb715bc1894.jpg,"ĐẦM LỤA CỔ YẾM PHỐI DÂY SAU - HỌA TIẾT NUDE",3840000,"<p><strong>Giới thiệu:</strong></p><p>Đầm sơ mi Ivy Moda với kiểu dáng đơn giản nhưng không kém phần nổi bật nhờ chi tiết may tinh tế trên nền vải kẻ thu hút.&nbsp;Đầm sử dụng chất liệu vải lụa mềm mại, đi kèm theo là&nbsp;đai eo ôm lấy cơ thể giúp tôn lên vẻ đẹp&nbsp;tinh tế và quyến rũ. Đầm được may&nbsp;cổ vest cùng&nbsp;thân váy xòe nhẹ sẽ tạo nên vẻ đẹp dịu dàng và nữ tính cho người diện.&nbsp;</p><p>Thiết kế đầm phù hợp mặc nhiều dịp, từ đi làm đến những buổi dạo phố, hẹn hò,&nbsp;giúp tôn dáng&nbsp;mang và&nbsp;đến vẻ đẹp thanh lịch, nữ tính của người mặc.</p><p><strong>Chi tiết:</strong></p><figure class=""table""><table><tbody><tr><td>Dòng sản phẩm</td><td>Ladies</td></tr><tr><td>Nhóm sản phẩm</td><td>Đầm</td></tr><tr><td>Cổ áo</td><td>Cổ 2 ve</td></tr></tbody></table></figure><p><br><strong>Bảng size:</strong><br>Size M : Chiều Cao Dưới 1m55 , Cân Nặng Dưới 45 kg<br>Size L : Chiều Cao từ 1m55 - 1m65, Cân Nặng 45kg - 55 kg<br>Size XL : Chiều Cao Trên 1m65 , Câng Nặng Trên&nbsp;55 kg</p><p>&nbsp;</p><p><strong>Chi tiết bảo quản sản phẩm :</strong>&nbsp;</p><p>Các sản phẩm thuộc dòng cao cấp (Senora) và áo khoác (dạ, tweed,&nbsp;lông, phao) chỉ giặt khô,&nbsp;tuyệt đối không giặt ướt.</p><p>&nbsp;</p><p><strong>Đổi trả miễn phí</strong></p><ul><li>Trong 30 ngày bất cứ lỗi sản phẩm</li><li>Có bưu tá tới tận nơi để lấy hàng</li><li>Vui lòng liên hệ <a href=""tel:0944328989""><strong>Fashion Shop</strong></a> để được hỗ trợ đổi trả nhanh nhất</li></ul>",03,"Việt Nam"
-NLavIwLS451T875wlvM,https://res.cloudinary.com/djbrvklfq/image/upload/v1673027706/FashionShop-Dacn2/products/CHÂNVÁYMINIXẾPLY-MÀUXÁM-06924233f803a25a00fbf94f0c3e4573.jpg,"CHÂN VÁY MINI XẾP LY - MÀU XÁM",2880000,"<p><strong>Chất liệu:</strong></p><ul><li>Vải tweed cho cảm giác ấm cúng. Họa tiết caro giúp làm nổi bật trang phục của bạn.</li><li>Đường cắt loe tôn lên độ rũ đáng yêu của vải. Các nút bên tạo thêm điểm nhấn phong cách.</li></ul><p><br><strong>Bảng size:</strong><br>Size M : Chiều Cao Dưới 1m55 , Cân Nặng Dưới 45 kg<br>Size L : Chiều Cao từ 1m55 - 1m65, Cân Nặng 45kg - 55 kg<br>Size XL : Chiều Cao Trên 1m65 , Câng Nặng Trên&nbsp;55 kg</p><p><strong>Đổi trả miễn phí</strong></p><ul><li>Trong 30 ngày bất cứ lỗi sản phẩm</li><li>Có bưu tá tới tận nơi để lấy hàng</li><li>Vui lòng liên hệ <a href=""tel:0944328989""><strong>Fashion Shop</strong></a> để được hỗ trợ đổi trả nhanh nhất</li></ul>",03,"Việt Nam"
-NXdIKqVfAzbMevQqOCL,https://res.cloudinary.com/djbrvklfq/image/upload/v1673027706/FashionShop-Dacn2/products/ĐẦMLỤAXÒEXẾPNẾP-MÀUTÍMLAVENDER-ad234fa36a5b8b583a66f2af42bd6bd7.jpg,"ĐẦM LỤA XÒE XẾP NẾP - MÀU TÍM LAVENDER",3840000,"<p><strong>Giới thiệu:</strong></p><p>Đầm sơ mi Ivy Moda với kiểu dáng đơn giản nhưng không kém phần nổi bật nhờ chi tiết may tinh tế trên nền vải kẻ thu hút.&nbsp;Đầm sử dụng chất liệu vải lụa mềm mại, đi kèm theo là&nbsp;đai eo ôm lấy cơ thể giúp tôn lên vẻ đẹp&nbsp;tinh tế và quyến rũ. Đầm được may&nbsp;cổ vest cùng&nbsp;thân váy xòe nhẹ sẽ tạo nên vẻ đẹp dịu dàng và nữ tính cho người diện.&nbsp;</p><p>Thiết kế đầm phù hợp mặc nhiều dịp, từ đi làm đến những buổi dạo phố, hẹn hò,&nbsp;giúp tôn dáng&nbsp;mang và&nbsp;đến vẻ đẹp thanh lịch, nữ tính của người mặc.</p><p><strong>Chi tiết:</strong></p><figure class=""table""><table><tbody><tr><td>Dòng sản phẩm</td><td>Ladies</td></tr><tr><td>Nhóm sản phẩm</td><td>Đầm</td></tr><tr><td>Cổ áo</td><td>Cổ 2 ve</td></tr></tbody></table></figure><p><br><strong>Bảng size:</strong><br>Size M : Chiều Cao Dưới 1m55 , Cân Nặng Dưới 45 kg<br>Size L : Chiều Cao từ 1m55 - 1m65, Cân Nặng 45kg - 55 kg<br>Size XL : Chiều Cao Trên 1m65 , Câng Nặng Trên&nbsp;55 kg</p><p>&nbsp;</p><p><strong>Chi tiết bảo quản sản phẩm :</strong>&nbsp;</p><p>Các sản phẩm thuộc dòng cao cấp (Senora) và áo khoác (dạ, tweed,&nbsp;lông, phao) chỉ giặt khô,&nbsp;tuyệt đối không giặt ướt.</p><p>&nbsp;</p><p><strong>Đổi trả miễn phí</strong></p><ul><li>Trong 30 ngày bất cứ lỗi sản phẩm</li><li>Có bưu tá tới tận nơi để lấy hàng</li><li>Vui lòng liên hệ <a href=""tel:0944328989""><strong>Fashion Shop</strong></a> để được hỗ trợ đổi trả nhanh nhất</li></ul>",03,USA
-NXdIuKLQFPDkg7v0ddb,https://res.cloudinary.com/djbrvklfq/image/upload/v1673027706/FashionShop-Dacn2/products/CHÂNVÁYMINIINHỌATIẾT-MÀUXANH-cd93c5b17d61e307e005c79f12a2508a.jpg,"CHÂN VÁY MINI IN HỌA TIẾT - MÀU XANH",9880000,"<p><strong>Chất liệu:</strong></p><ul><li>Vải tweed cho cảm giác ấm cúng. Họa tiết caro giúp làm nổi bật trang phục của bạn.</li><li>Đường cắt loe tôn lên độ rũ đáng yêu của vải. Các nút bên tạo thêm điểm nhấn phong cách.</li></ul><p><br><strong>Bảng size:</strong><br>Size M : Chiều Cao Dưới 1m55 , Cân Nặng Dưới 45 kg<br>Size L : Chiều Cao từ 1m55 - 1m65, Cân Nặng 45kg - 55 kg<br>Size XL : Chiều Cao Trên 1m65 , Câng Nặng Trên&nbsp;55 kg</p><p><strong>Đổi trả miễn phí</strong></p><ul><li>Trong 30 ngày bất cứ lỗi sản phẩm</li><li>Có bưu tá tới tận nơi để lấy hàng</li><li>Vui lòng liên hệ <a href=""tel:0944328989""><strong>Fashion Shop</strong></a> để được hỗ trợ đổi trả nhanh nhất</li></ul>",03,USA
-NXdJ5djkroUBY5nDCEH,https://res.cloudinary.com/djbrvklfq/image/upload/v1673027706/FashionShop-Dacn2/products/CHÂNVÁYMINIINHỌATIẾT-MÀUXANHDƯƠNG-a34d03bfd28d5c1aa3ba0ea1703ea5d9.jpg,"CHÂN VÁY MINI IN HỌA TIẾT - MÀU XANH DƯƠNG",9120000,"<p><strong>Chất liệu:</strong></p><ul><li>Vải tweed cho cảm giác ấm cúng. Họa tiết caro giúp làm nổi bật trang phục của bạn.</li><li>Đường cắt loe tôn lên độ rũ đáng yêu của vải. Các nút bên tạo thêm điểm nhấn phong cách.</li></ul><p><br><strong>Bảng size:</strong><br>Size M : Chiều Cao Dưới 1m55 , Cân Nặng Dưới 45 kg<br>Size L : Chiều Cao từ 1m55 - 1m65, Cân Nặng 45kg - 55 kg<br>Size XL : Chiều Cao Trên 1m65 , Câng Nặng Trên&nbsp;55 kg</p><p><strong>Đổi trả miễn phí</strong></p><ul><li>Trong 30 ngày bất cứ lỗi sản phẩm</li><li>Có bưu tá tới tận nơi để lấy hàng</li><li>Vui lòng liên hệ <a href=""tel:0944328989""><strong>Fashion Shop</strong></a> để được hỗ trợ đổi trả nhanh nhất</li></ul>",03,USA
-NXdOEhaxrtPbYNWFrcn,https://res.cloudinary.com/djbrvklfq/image/upload/v1673027706/FashionShop-Dacn2/products/ĐẦMLỤAXÒEXẾPNẾP-MÀUĐEN-300cd2bbe67145a9e164a2a99b13a088.jpg,"ĐẦM LỤA XÒE XẾP NẾP - MÀU ĐEN",3840000,"<p><strong>Giới thiệu:</strong></p><p>Đầm sơ mi Ivy Moda với kiểu dáng đơn giản nhưng không kém phần nổi bật nhờ chi tiết may tinh tế trên nền vải kẻ thu hút.&nbsp;Đầm sử dụng chất liệu vải lụa mềm mại, đi kèm theo là&nbsp;đai eo ôm lấy cơ thể giúp tôn lên vẻ đẹp&nbsp;tinh tế và quyến rũ. Đầm được may&nbsp;cổ vest cùng&nbsp;thân váy xòe nhẹ sẽ tạo nên vẻ đẹp dịu dàng và nữ tính cho người diện.&nbsp;</p><p>Thiết kế đầm phù hợp mặc nhiều dịp, từ đi làm đến những buổi dạo phố, hẹn hò,&nbsp;giúp tôn dáng&nbsp;mang và&nbsp;đến vẻ đẹp thanh lịch, nữ tính của người mặc.</p><p><strong>Chi tiết:</strong></p><figure class=""table""><table><tbody><tr><td>Dòng sản phẩm</td><td>Ladies</td></tr><tr><td>Nhóm sản phẩm</td><td>Đầm</td></tr><tr><td>Cổ áo</td><td>Cổ 2 ve</td></tr></tbody></table></figure><p><br><strong>Bảng size:</strong><br>Size M : Chiều Cao Dưới 1m55 , Cân Nặng Dưới 45 kg<br>Size L : Chiều Cao từ 1m55 - 1m65, Cân Nặng 45kg - 55 kg<br>Size XL : Chiều Cao Trên 1m65 , Câng Nặng Trên&nbsp;55 kg</p><p>&nbsp;</p><p><strong>Chi tiết bảo quản sản phẩm :</strong>&nbsp;</p><p>Các sản phẩm thuộc dòng cao cấp (Senora) và áo khoác (dạ, tweed,&nbsp;lông, phao) chỉ giặt khô,&nbsp;tuyệt đối không giặt ướt.</p><p>&nbsp;</p><p><strong>Đổi trả miễn phí</strong></p><ul><li>Trong 30 ngày bất cứ lỗi sản phẩm</li><li>Có bưu tá tới tận nơi để lấy hàng</li><li>Vui lòng liên hệ <a href=""tel:0944328989""><strong>Fashion Shop</strong></a> để được hỗ trợ đổi trả nhanh nhất</li></ul>",03,"Trung Quốc"
-NXdOV04fbKDzrm7ikSH,https://res.cloudinary.com/djbrvklfq/image/upload/v1673027706/FashionShop-Dacn2/products/ĐẦMLỤAXÒEHỌATIẾTVÀNGNGHỆ-5bf831329af23de4331bad87a36a97f1.jpg,"ĐẦM LỤA XÒE HỌA TIẾT VÀNG NGHỆ",4800000,"<p><strong>Giới thiệu:</strong></p><p>Đầm sơ mi Ivy Moda với kiểu dáng đơn giản nhưng không kém phần nổi bật nhờ chi tiết may tinh tế trên nền vải kẻ thu hút.&nbsp;Đầm sử dụng chất liệu vải lụa mềm mại, đi kèm theo là&nbsp;đai eo ôm lấy cơ thể giúp tôn lên vẻ đẹp&nbsp;tinh tế và quyến rũ. Đầm được may&nbsp;cổ vest cùng&nbsp;thân váy xòe nhẹ sẽ tạo nên vẻ đẹp dịu dàng và nữ tính cho người diện.&nbsp;</p><p>Thiết kế đầm phù hợp mặc nhiều dịp, từ đi làm đến những buổi dạo phố, hẹn hò,&nbsp;giúp tôn dáng&nbsp;mang và&nbsp;đến vẻ đẹp thanh lịch, nữ tính của người mặc.</p><p><strong>Chi tiết:</strong></p><figure class=""table""><table><tbody><tr><td>Dòng sản phẩm</td><td>Ladies</td></tr><tr><td>Nhóm sản phẩm</td><td>Đầm</td></tr><tr><td>Cổ áo</td><td>Cổ 2 ve</td></tr></tbody></table></figure><p><br><strong>Bảng size:</strong><br>Size M : Chiều Cao Dưới 1m55 , Cân Nặng Dưới 45 kg<br>Size L : Chiều Cao từ 1m55 - 1m65, Cân Nặng 45kg - 55 kg<br>Size XL : Chiều Cao Trên 1m65 , Câng Nặng Trên&nbsp;55 kg</p><p>&nbsp;</p><p><strong>Chi tiết bảo quản sản phẩm :</strong>&nbsp;</p><p>Các sản phẩm thuộc dòng cao cấp (Senora) và áo khoác (dạ, tweed,&nbsp;lông, phao) chỉ giặt khô,&nbsp;tuyệt đối không giặt ướt.</p><p>&nbsp;</p><p><strong>Đổi trả miễn phí</strong></p><ul><li>Trong 30 ngày bất cứ lỗi sản phẩm</li><li>Có bưu tá tới tận nơi để lấy hàng</li><li>Vui lòng liên hệ <a href=""tel:0944328989""><strong>Fashion Shop</strong></a> để được hỗ trợ đổi trả nhanh nhất</li></ul>",03,"Việt Nam"
-NXdOemerSQWNpuE14dY,https://res.cloudinary.com/djbrvklfq/image/upload/v1673027706/FashionShop-Dacn2/products/ĐẦMLỤAXÒEHỌATIẾTĐEN-b7464221e86dfb89d4d29b5c98443678.jpg,"ĐẦM LỤA XÒE HỌA TIẾT ĐEN",4800000,"<p><strong>Giới thiệu:</strong></p><p>Đầm sơ mi Ivy Moda với kiểu dáng đơn giản nhưng không kém phần nổi bật nhờ chi tiết may tinh tế trên nền vải kẻ thu hút.&nbsp;Đầm sử dụng chất liệu vải lụa mềm mại, đi kèm theo là&nbsp;đai eo ôm lấy cơ thể giúp tôn lên vẻ đẹp&nbsp;tinh tế và quyến rũ. Đầm được may&nbsp;cổ vest cùng&nbsp;thân váy xòe nhẹ sẽ tạo nên vẻ đẹp dịu dàng và nữ tính cho người diện.&nbsp;</p><p>Thiết kế đầm phù hợp mặc nhiều dịp, từ đi làm đến những buổi dạo phố, hẹn hò,&nbsp;giúp tôn dáng&nbsp;mang và&nbsp;đến vẻ đẹp thanh lịch, nữ tính của người mặc.</p><p><strong>Chi tiết:</strong></p><figure class=""table""><table><tbody><tr><td>Dòng sản phẩm</td><td>Ladies</td></tr><tr><td>Nhóm sản phẩm</td><td>Đầm</td></tr><tr><td>Cổ áo</td><td>Cổ 2 ve</td></tr></tbody></table></figure><p><br><strong>Bảng size:</strong><br>Size M : Chiều Cao Dưới 1m55 , Cân Nặng Dưới 45 kg<br>Size L : Chiều Cao từ 1m55 - 1m65, Cân Nặng 45kg - 55 kg<br>Size XL : Chiều Cao Trên 1m65 , Câng Nặng Trên&nbsp;55 kg</p><p>&nbsp;</p><p><strong>Chi tiết bảo quản sản phẩm :</strong>&nbsp;</p><p>Các sản phẩm thuộc dòng cao cấp (Senora) và áo khoác (dạ, tweed,&nbsp;lông, phao) chỉ giặt khô,&nbsp;tuyệt đối không giặt ướt.</p><p>&nbsp;</p><p><strong>Đổi trả miễn phí</strong></p><ul><li>Trong 30 ngày bất cứ lỗi sản phẩm</li><li>Có bưu tá tới tận nơi để lấy hàng</li><li>Vui lòng liên hệ <a href=""tel:0944328989""><strong>Fashion Shop</strong></a> để được hỗ trợ đổi trả nhanh nhất</li></ul>",03,"Việt Nam"
-NXdOvCEG0Z74ebYpKHq,https://res.cloudinary.com/djbrvklfq/image/upload/v1673027706/FashionShop-Dacn2/products/ĐẦMLỤAXÒE-HỌATIẾTĐEN-fca424b991f3f190e6ed7503427f084d.jpg,"ĐẦM LỤA XÒE - HỌA TIẾT ĐEN",4320000,"<p><strong>Giới thiệu:</strong></p><p>Đầm sơ mi Ivy Moda với kiểu dáng đơn giản nhưng không kém phần nổi bật nhờ chi tiết may tinh tế trên nền vải kẻ thu hút.&nbsp;Đầm sử dụng chất liệu vải lụa mềm mại, đi kèm theo là&nbsp;đai eo ôm lấy cơ thể giúp tôn lên vẻ đẹp&nbsp;tinh tế và quyến rũ. Đầm được may&nbsp;cổ vest cùng&nbsp;thân váy xòe nhẹ sẽ tạo nên vẻ đẹp dịu dàng và nữ tính cho người diện.&nbsp;</p><p>Thiết kế đầm phù hợp mặc nhiều dịp, từ đi làm đến những buổi dạo phố, hẹn hò,&nbsp;giúp tôn dáng&nbsp;mang và&nbsp;đến vẻ đẹp thanh lịch, nữ tính của người mặc.</p><p><strong>Chi tiết:</strong></p><figure class=""table""><table><tbody><tr><td>Dòng sản phẩm</td><td>Ladies</td></tr><tr><td>Nhóm sản phẩm</td><td>Đầm</td></tr><tr><td>Cổ áo</td><td>Cổ 2 ve</td></tr></tbody></table></figure><p><br><strong>Bảng size:</strong><br>Size M : Chiều Cao Dưới 1m55 , Cân Nặng Dưới 45 kg<br>Size L : Chiều Cao từ 1m55 - 1m65, Cân Nặng 45kg - 55 kg<br>Size XL : Chiều Cao Trên 1m65 , Câng Nặng Trên&nbsp;55 kg</p><p>&nbsp;</p><p><strong>Chi tiết bảo quản sản phẩm :</strong>&nbsp;</p><p>Các sản phẩm thuộc dòng cao cấp (Senora) và áo khoác (dạ, tweed,&nbsp;lông, phao) chỉ giặt khô,&nbsp;tuyệt đối không giặt ướt.</p><p>&nbsp;</p><p><strong>Đổi trả miễn phí</strong></p><ul><li>Trong 30 ngày bất cứ lỗi sản phẩm</li><li>Có bưu tá tới tận nơi để lấy hàng</li><li>Vui lòng liên hệ <a href=""tel:0944328989""><strong>Fashion Shop</strong></a> để được hỗ trợ đổi trả nhanh nhất</li></ul>",03,"Việt Nam"
-NXdPcaU0qsxej0cV0fY,https://res.cloudinary.com/djbrvklfq/image/upload/v1673027706/FashionShop-Dacn2/products/ĐẦMLỤAXÒE-HỌATIẾTHỒNGSANHÔ-b220d080def25567778bbefb39ab1296.jpg,"ĐẦM LỤA XÒE - HỌA TIẾT HỒNG SAN HÔ",4800000,"<p><strong>Giới thiệu:</strong></p><p>Đầm sơ mi Ivy Moda với kiểu dáng đơn giản nhưng không kém phần nổi bật nhờ chi tiết may tinh tế trên nền vải kẻ thu hút.&nbsp;Đầm sử dụng chất liệu vải lụa mềm mại, đi kèm theo là&nbsp;đai eo ôm lấy cơ thể giúp tôn lên vẻ đẹp&nbsp;tinh tế và quyến rũ. Đầm được may&nbsp;cổ vest cùng&nbsp;thân váy xòe nhẹ sẽ tạo nên vẻ đẹp dịu dàng và nữ tính cho người diện.&nbsp;</p><p>Thiết kế đầm phù hợp mặc nhiều dịp, từ đi làm đến những buổi dạo phố, hẹn hò,&nbsp;giúp tôn dáng&nbsp;mang và&nbsp;đến vẻ đẹp thanh lịch, nữ tính của người mặc.</p><p><strong>Chi tiết:</strong></p><figure class=""table""><table><tbody><tr><td>Dòng sản phẩm</td><td>Ladies</td></tr><tr><td>Nhóm sản phẩm</td><td>Đầm</td></tr><tr><td>Cổ áo</td><td>Cổ 2 ve</td></tr></tbody></table></figure><p><br><strong>Bảng size:</strong><br>Size M : Chiều Cao Dưới 1m55 , Cân Nặng Dưới 45 kg<br>Size L : Chiều Cao từ 1m55 - 1m65, Cân Nặng 45kg - 55 kg<br>Size XL : Chiều Cao Trên 1m65 , Câng Nặng Trên&nbsp;55 kg</p><p>&nbsp;</p><p><strong>Chi tiết bảo quản sản phẩm :</strong>&nbsp;</p><p>Các sản phẩm thuộc dòng cao cấp (Senora) và áo khoác (dạ, tweed,&nbsp;lông, phao) chỉ giặt khô,&nbsp;tuyệt đối không giặt ướt.</p><p>&nbsp;</p><p><strong>Đổi trả miễn phí</strong></p><ul><li>Trong 30 ngày bất cứ lỗi sản phẩm</li><li>Có bưu tá tới tận nơi để lấy hàng</li><li>Vui lòng liên hệ <a href=""tel:0944328989""><strong>Fashion Shop</strong></a> để được hỗ trợ đổi trả nhanh nhất</li></ul>",03,"Việt Nam"
-NXdPqg8cnZJYJEi1JhF,https://res.cloudinary.com/djbrvklfq/image/upload/v1673027706/FashionShop-Dacn2/products/ĐẦMLỤAXÒE-HỌATIẾTVÀNGHOACÚC-7936255ef42f1233ee745df412575d33.jpg,"ĐẦM LỤA XÒE - HỌA TIẾT VÀNG HOA CÚC",4800000,"<p><strong>Giới thiệu:</strong></p><p>Đầm sơ mi Ivy Moda với kiểu dáng đơn giản nhưng không kém phần nổi bật nhờ chi tiết may tinh tế trên nền vải kẻ thu hút.&nbsp;Đầm sử dụng chất liệu vải lụa mềm mại, đi kèm theo là&nbsp;đai eo ôm lấy cơ thể giúp tôn lên vẻ đẹp&nbsp;tinh tế và quyến rũ. Đầm được may&nbsp;cổ vest cùng&nbsp;thân váy xòe nhẹ sẽ tạo nên vẻ đẹp dịu dàng và nữ tính cho người diện.&nbsp;</p><p>Thiết kế đầm phù hợp mặc nhiều dịp, từ đi làm đến những buổi dạo phố, hẹn hò,&nbsp;giúp tôn dáng&nbsp;mang và&nbsp;đến vẻ đẹp thanh lịch, nữ tính của người mặc.</p><p><strong>Chi tiết:</strong></p><figure class=""table""><table><tbody><tr><td>Dòng sản phẩm</td><td>Ladies</td></tr><tr><td>Nhóm sản phẩm</td><td>Đầm</td></tr><tr><td>Cổ áo</td><td>Cổ 2 ve</td></tr></tbody></table></figure><p><br><strong>Bảng size:</strong><br>Size M : Chiều Cao Dưới 1m55 , Cân Nặng Dưới 45 kg<br>Size L : Chiều Cao từ 1m55 - 1m65, Cân Nặng 45kg - 55 kg<br>Size XL : Chiều Cao Trên 1m65 , Câng Nặng Trên&nbsp;55 kg</p><p>&nbsp;</p><p><strong>Chi tiết bảo quản sản phẩm :</strong>&nbsp;</p><p>Các sản phẩm thuộc dòng cao cấp (Senora) và áo khoác (dạ, tweed,&nbsp;lông, phao) chỉ giặt khô,&nbsp;tuyệt đối không giặt ướt.</p><p>&nbsp;</p><p><strong>Đổi trả miễn phí</strong></p><ul><li>Trong 30 ngày bất cứ lỗi sản phẩm</li><li>Có bưu tá tới tận nơi để lấy hàng</li><li>Vui lòng liên hệ <a href=""tel:0944328989""><strong>Fashion Shop</strong></a> để được hỗ trợ đổi trả nhanh nhất</li></ul>",03,"Việt Nam"
-NXdQITGyx6sZZgGsp7D,https://res.cloudinary.com/djbrvklfq/image/upload/v1673027706/FashionShop-Dacn2/products/ĐẦMLỤAXẾPCÁNHTIÊN-HỌATIẾTXANHTÁO-a1192c28f8fd3c2b8813c87c6d6a2f04.jpg,"ĐẦM LỤA XẾP CÁNH TIÊN - HỌA TIẾT XANH TÁO",4800000,"<p><strong>Giới thiệu:</strong></p><p>Đầm sơ mi Ivy Moda với kiểu dáng đơn giản nhưng không kém phần nổi bật nhờ chi tiết may tinh tế trên nền vải kẻ thu hút.&nbsp;Đầm sử dụng chất liệu vải lụa mềm mại, đi kèm theo là&nbsp;đai eo ôm lấy cơ thể giúp tôn lên vẻ đẹp&nbsp;tinh tế và quyến rũ. Đầm được may&nbsp;cổ vest cùng&nbsp;thân váy xòe nhẹ sẽ tạo nên vẻ đẹp dịu dàng và nữ tính cho người diện.&nbsp;</p><p>Thiết kế đầm phù hợp mặc nhiều dịp, từ đi làm đến những buổi dạo phố, hẹn hò,&nbsp;giúp tôn dáng&nbsp;mang và&nbsp;đến vẻ đẹp thanh lịch, nữ tính của người mặc.</p><p><strong>Chi tiết:</strong></p><figure class=""table""><table><tbody><tr><td>Dòng sản phẩm</td><td>Ladies</td></tr><tr><td>Nhóm sản phẩm</td><td>Đầm</td></tr><tr><td>Cổ áo</td><td>Cổ 2 ve</td></tr></tbody></table></figure><p><br><strong>Bảng size:</strong><br>Size M : Chiều Cao Dưới 1m55 , Cân Nặng Dưới 45 kg<br>Size L : Chiều Cao từ 1m55 - 1m65, Cân Nặng 45kg - 55 kg<br>Size XL : Chiều Cao Trên 1m65 , Câng Nặng Trên&nbsp;55 kg</p><p>&nbsp;</p><p><strong>Chi tiết bảo quản sản phẩm :</strong>&nbsp;</p><p>Các sản phẩm thuộc dòng cao cấp (Senora) và áo khoác (dạ, tweed,&nbsp;lông, phao) chỉ giặt khô,&nbsp;tuyệt đối không giặt ướt.</p><p>&nbsp;</p><p><strong>Đổi trả miễn phí</strong></p><ul><li>Trong 30 ngày bất cứ lỗi sản phẩm</li><li>Có bưu tá tới tận nơi để lấy hàng</li><li>Vui lòng liên hệ <a href=""tel:0944328989""><strong>Fashion Shop</strong></a> để được hỗ trợ đổi trả nhanh nhất</li></ul>",03,"Trung Quốc"
-NXdSFTjRgYMgGGdIY_i,https://res.cloudinary.com/djbrvklfq/image/upload/v1673027706/FashionShop-Dacn2/products/MŨLƯỠITRAITRẺEM52CMNÂU-ea475c3b276658acf24deda7aa1cfd70.jpg,"MŨ LƯỠI TRAI TRẺ EM 52CM NÂU ",2640000,"<figure class=""table""><table><tbody><tr><th>LƯU Ý</th><td><p>●Các sản phẩm có màu tối có thể bị phai màu trong quá trình sử dụng do ma sát và khi xử lý lúc còn ướt.</p><p>●Do các đặc tính của vật liệu, sản phẩm có thể bị bay màu do ánh nắng trực tiếp hoặc ánh sáng huỳnh quang. Vui lòng lưu ý rằng màu sắc có thể khác nhau giữa các sản phẩm hoặc trong cùng sản phẩm.</p></td></tr><tr><th>XUẤT XỨ</th><td>SẢN XUẤT TẠI TRUNG QUỐC</td></tr><tr><th>NGUYÊN VẬT LIỆU</th><td>THÂN: GIẤY90%, POLYESTER10%, BĂNG: POLYESTER100%</td></tr></tbody></table></figure>",04,"Trung Quốc"
-NXdShTNsxUxkH-XGGyG,https://res.cloudinary.com/djbrvklfq/image/upload/v1673027706/FashionShop-Dacn2/products/MŨRỘNGVÀNHNGĂNTIAUVCÓTHỂGẤPGỌN-563545f83a6563364f8f1c2feca791f3.jpg,"MŨ RỘNG VÀNH NGĂN TIA UV CÓ THỂ GẤP GỌN",2640000,"<figure class=""table""><table><tbody><tr><th>LƯU Ý</th><td><p>●Các sản phẩm có màu tối có thể bị phai màu trong quá trình sử dụng do ma sát và khi xử lý lúc còn ướt.</p><p>●Do các đặc tính của vật liệu, sản phẩm có thể bị bay màu do ánh nắng trực tiếp hoặc ánh sáng huỳnh quang. Vui lòng lưu ý rằng màu sắc có thể khác nhau giữa các sản phẩm hoặc trong cùng sản phẩm.</p></td></tr><tr><th>XUẤT XỨ</th><td>SẢN XUẤT TẠI TRUNG QUỐC</td></tr><tr><th>NGUYÊN VẬT LIỆU</th><td>THÂN: GIẤY90%, POLYESTER10%, BĂNG: POLYESTER100%</td></tr></tbody></table></figure>",04,"Trung Quốc"
-NXdT-E5ayY_16VuPHiv,https://res.cloudinary.com/djbrvklfq/image/upload/v1673027706/FashionShop-Dacn2/products/MŨCÓTHỂGẤP-TRẺEM52CMNÂU-a53967ad3f47a17347ab31b9d598bca6.jpg,"MŨ CÓ THỂ GẤP - TRẺ EM 52CM NÂU",3960000,"<figure class=""table""><table><tbody><tr><th>LƯU Ý</th><td>●Các sản phẩm có màu tối có thể bị phai màu trong quá trình sử dụng do ma sát và khi xử lý lúc còn ướt. ●Do các đặc tính của vật liệu, sản phẩm có thể bị bay màu do ánh nắng trực tiếp hoặc ánh sáng huỳnh quang. Vui lòng lưu ý rằng màu sắc có thể khác nhau giữa các sản phẩm hoặc trong cùng sản phẩm.</td></tr><tr><th>XUẤT XỨ</th><td>SẢN XUẤT TẠI TRUNG QUỐC</td></tr><tr><th>NGUYÊN VẬT LIỆU</th><td>THÂN: GIẤY90%, POLYESTER10%, BĂNG: POLYESTER100%</td></tr></tbody></table></figure>",04,USA
-NXdTN7QDMGQKj5YDswq,https://res.cloudinary.com/djbrvklfq/image/upload/v1673027706/FashionShop-Dacn2/products/MŨCAPELINEVÀNHTOCỌRAFFIACÓTHỂGẤP-MÀUTRẮNGTHÔ-a9706299432df57e652eb78829e82e9b.jpg,"MŨ CAPELINE VÀNH TO CỌ RAFFIA - MÀU TRẮNG THÔ",3960000,"<p>Sản phẩm được dệt thủ công từ chất liệu Raffia của Madagascar. Mũ có thể gấp được nên rất thuận tiện để mang theo. Kích thước có thể được điều chỉnh bằng thiết kế ở mặt trong của mũ. Tỷ lệ che chắn tia UV từ 90% trở lên.</p><figure class=""table""><table><tbody><tr><th>LƯU Ý</th><td>●Các sản phẩm có màu tối có thể bị phai màu trong quá trình sử dụng do ma sát và khi xử lý lúc còn ướt. ●Do các đặc tính của vật liệu, sản phẩm có thể bị bay màu do ánh nắng trực tiếp hoặc ánh sáng huỳnh quang. Vui lòng lưu ý rằng màu sắc có thể khác nhau giữa các sản phẩm hoặc trong cùng sản phẩm.</td></tr><tr><th>XUẤT XỨ</th><td>SẢN XUẤT TẠI TRUNG QUỐC</td></tr><tr><th>NGUYÊN VẬT LIỆU</th><td>THÂN: GIẤY90%, POLYESTER10%, BĂNG: POLYESTER100%</td></tr></tbody></table></figure>",04,USA
-NXdU6go_RrIdmYop7Oe,https://res.cloudinary.com/djbrvklfq/image/upload/v1673027706/FashionShop-Dacn2/products/TÚIMYBAGA4VẢISỢIĐAYTRẮNGTHÔ-6b4eaacb873ddb64045fa1aa0980cb88.jpg,"TÚI MY BAG A4 VẢI SỢI ĐAY TRẮNG THÔ",2400000,"<p>Túi sử dụng vải chất liệu đay không nhuộm màu và có thể được sử dụng cho nhiều mục đích khác nhau. Tay cầm làm từ bông thuận tiện để xách tay và mang vai.</p><figure class=""table""><table><tbody><tr><th>LƯU Ý</th><td><p>●Sản phẩm này sẽ hòa lẫn với vật liệu từ thực vật do đặc tính của vật liệu. Các sản phẩm sáng màu có thể có màu sắc trông giống như bị biến màu.</p><p>●Ánh nắng trực tiếp hoặc ánh đèn huỳnh quang có thể gây bạc màu.</p><p>●Vui lòng lưu ý rằng màu tự nhiên của sản phẩm này được sử dụng mà không tẩy trắng hay nhuộm. Vì vậy, màu có thể khác nhau tùy vào vật liệu thô.</p><p>●Tránh giặt vì làm vậy có thể khiến sản phẩm méo mó.</p><p>●Nếu sản phẩm này bị bẩn, hãy loại bỏ vết bẩn bằng cách dùng khăn vắt kỹ hoặc vật tương tự thấm nhẹ, sau đó phơi khô trong bóng râm, ở nơi thông thoáng.</p><p>●Vui lòng lưu ý rằng tùy vào các điều kiện bảo quản và sử dụng, giảm độ bền, độ dính và thay đổi hình dạng có thể xảy ra.</p></td></tr><tr><th>XUẤT XỨ</th><td>SẢN XUẤT TẠI ẤN ĐỘ</td></tr><tr><th>NGUYÊN VẬT LIỆU</th><td>THÂN: ĐAY 100%, TAY CẦM: BÔNG 100%</td></tr></tbody></table></figure>",04,"Việt Nam"
-NXdUR8gKneh4aCdYMnB,https://res.cloudinary.com/djbrvklfq/image/upload/v1673027706/FashionShop-Dacn2/products/TÚITOTEDÁNGRỘNGĐEN-07bfdc4c48e913aad6872818a6e7e7bf.jpg,"TÚI TOTE DÁNG RỘNG ĐEN",4800000,"<p><strong>Giới thiệu:</strong></p><p>Túi tote sử dụng vải dệt tay với bề mặt không bằng phẳng.</p><p><strong>Lưu ý:</strong></p><ul><li>Sản phẩm này sẽ hòa lẫn với vật liệu từ thực vật do đặc tính của vật liệu. Các sản phẩm sáng màu có thể có màu sắc trông giống như bị biến màu.</li><li>Ánh nắng trực tiếp hoặc ánh đèn huỳnh quang có thể gây bạc màu.</li><li>Vui lòng lưu ý rằng màu tự nhiên của sản phẩm này được sử dụng mà không tẩy trắng hay nhuộm. Vì vậy, màu có thể khác nhau tùy vào vật liệu thô.</li><li>Tránh giặt vì làm vậy có thể khiến sản phẩm méo mó.</li><li>Các sản phẩm có màu tối có thể bị phai màu trong quá trình sử dụng do ma sát và khi xử lý lúc còn ướt. Giặt riêng.</li></ul><p><strong>Xuất xứ: </strong>Được sản xuất tại ấn độ.</p><p><strong>Nguyên liệu: </strong>Thân và lót bông 100%</p>",04,"Việt Nam"
-NXdUpgafnh1unNI2omB,https://res.cloudinary.com/djbrvklfq/image/upload/v1673027706/FashionShop-Dacn2/products/TÚITOTEMINIDỆTTAYSỌCTRẮNGTHÔ-d40dc7105ec4403f1a9a545457a99b0a.jpg,"TÚI TOTE MINI DỆT TAY SỌC TRẮNG THÔ",5720000,"<p><strong>Giới thiệu:</strong></p><p>Túi tote sử dụng vải dệt tay với bề mặt không bằng phẳng.</p><p><strong>Lưu ý:</strong></p><ul><li>Sản phẩm này sẽ hòa lẫn với vật liệu từ thực vật do đặc tính của vật liệu. Các sản phẩm sáng màu có thể có màu sắc trông giống như bị biến màu.</li><li>Ánh nắng trực tiếp hoặc ánh đèn huỳnh quang có thể gây bạc màu.</li><li>Vui lòng lưu ý rằng màu tự nhiên của sản phẩm này được sử dụng mà không tẩy trắng hay nhuộm. Vì vậy, màu có thể khác nhau tùy vào vật liệu thô.</li><li>Tránh giặt vì làm vậy có thể khiến sản phẩm méo mó.</li><li>Các sản phẩm có màu tối có thể bị phai màu trong quá trình sử dụng do ma sát và khi xử lý lúc còn ướt. Giặt riêng.</li></ul><p><strong>Xuất xứ: </strong>Được sản xuất tại ấn độ.</p><p><strong>Nguyên liệu: </strong>Thân và lót bông 100%</p>",04,"Việt Nam"
-NXdVOq1xu-PUOyVR5V1,https://res.cloudinary.com/djbrvklfq/image/upload/v1673027706/FashionShop-Dacn2/products/TÚIĐEOCHỐNGTHẤMNƯỚC-4b1ef6e74c312f8d552ce47e1df98958.jpg,"TÚI ĐEO CHỐNG THẤM NƯỚC",8000000,"<p>Túi đeo có thể sử dụng như túi nhỏ nếu không dùng dây đeo. Vải được gia công chống bám nước.</p><p><strong>BẢNG KÍCH THƯỚC</strong></p><figure class=""table""><table><tbody><tr><th>KÍCH THƯỚC</th><th>Chiều dọc</th><th>Cạnh bên</th></tr><tr><th>NONE</th><th>20.00</th><th>24.00</th></tr></tbody></table></figure><figure class=""table""><table><tbody><tr><th>LƯU Ý</th><td><p>●Khả năng chống thấm nước sẽ mất dần trong quá trình sử dụng.</p><p>●Không được để các vật ướt trong túi trong thời gian dài vì điều này khiến màu lem từ túi.</p></td></tr><tr><th>XUẤT XỨ</th><td>SẢN XUẤT TẠI VIỆT NAM</td></tr><tr><th>NGUYÊN VẬT LIỆU</th><td>VỎ NGOÀI: POLYESTER 100% (100% POLYESTER TÁI CHẾ), LÓT: POLYESTER 100% (100% POLYESTER TÁI CHẾ)</td></tr></tbody></table></figure>",04,"Việt Nam"
